{"title":"H5P Q14. Spot and click inside 12 locations where the OpenTopo DEM missed substantial features compared to the LINZ DSM.","language":"en","mainLibrary":"H5P.ImageMultipleHotspotQuestion","embedTypes":["div"],"license":"U","defaultLanguage":"en","preloadedDependencies":[{"machineName":"FontAwesome","majorVersion":4,"minorVersion":5},{"machineName":"H5P.FontIcons","majorVersion":1,"minorVersion":0},{"machineName":"H5P.Transition","majorVersion":1,"minorVersion":0},{"machineName":"H5P.JoubelUI","majorVersion":1,"minorVersion":3},{"machineName":"H5P.Question","majorVersion":1,"minorVersion":4},{"machineName":"H5P.ImageMultipleHotspotQuestion","majorVersion":1,"minorVersion":0}]}