{
  "title": "Image Multiple Hotspot Question Editor",
  "majorVersion": 1,
  "minorVersion": 0,
  "patchVersion": 0,
  "runnable": 0,
  "author": "Luke Muller",
  "coreApi": {
    "majorVersion": 1,
    "minorVersion": 12
  },
  "machineName": "H5PEditor.ImageMultipleHotspotQuestion",
  "preloadedJs": [
    {
      "path": "image-multiple-hotspot-question-editor.js"
    }
  ],
  "preloadedCss": [
    {
      "path": "image-multiple-hotspot-question-editor.css"
    }
  ],
  "preloadedDependencies": [
    {
      "machineName": "H5P.DragNBar",
      "majorVersion": 1,
      "minorVersion": 4
    },
    {
      "machineName": "H5P.DragNResize",
      "majorVersion": 1,
      "minorVersion": 2
    },
    {
      "machineName": "H5P.ImageMultipleHotspotQuestion",
      "majorVersion": 1,
      "minorVersion": 0
    }
  ]
}