{"imageMultipleHotspotQuestion":{"backgroundImageSettings":{"questionTitle":"Image hotspot question","backgroundImage":{"path":"images\/backgroundImage-6868cb27a0be3.png","mime":"image\/png","copyright":{"license":"U"},"width":1218,"height":860}},"hotspotSettings":{"hotspot":[{"userSettings":{"correct":true,"feedbackText":""},"computedSettings":{"x":52.44002097600839,"y":43.1690134860678,"width":2.8800011520004607,"height":4.078961904195382,"figure":"circle"}},{"userSettings":{"correct":true,"feedbackText":""},"computedSettings":{"x":74.76002990401196,"y":46.56814840623061,"width":2.8800011520004607,"height":4.078961904195382,"figure":"circle"}},{"userSettings":{"correct":true,"feedbackText":""},"computedSettings":{"x":57.47970839565289,"y":45.888321422198054,"width":3.6000014400005758,"height":5.437281877777731,"figure":"circle"}},{"userSettings":{"correct":true,"feedbackText":""},"computedSettings":{"x":58.44002337600935,"y":12.236885712586147,"width":12.00000480000192,"height":23.793944441139733,"figure":"circle"}},{"userSettings":{"correct":true,"feedbackText":""},"computedSettings":{"x":50.6400202560081,"y":31.10208451948979,"width":3.6000014400005758,"height":6.798269840325637,"figure":"circle"}},{"userSettings":{"correct":true,"feedbackText":""},"computedSettings":{"x":62.16002486400995,"y":50.307196818409714,"width":7.2000028800011515,"height":4.417107846053179,"figure":"circle"}},{"userSettings":{"correct":true,"feedbackText":""},"computedSettings":{"x":73.0800292320117,"y":83.61871903600534,"width":6.000002745176874,"height":6.798269840325637,"figure":"circle"}},{"userSettings":{"correct":true,"feedbackText":""},"computedSettings":{"x":52.92002116800847,"y":49.967283326393435,"width":2.8800011520004607,"height":4.078961904195382,"figure":"circle"}},{"userSettings":{"correct":true,"feedbackText":""},"computedSettings":{"x":58.08002323200929,"y":33.141565471587484,"width":2.8800011520004607,"height":4.078961904195382,"figure":"circle"}},{"userSettings":{"correct":true,"feedbackText":""},"computedSettings":{"x":40.440016176006466,"y":30.592214281465367,"width":4.800001920000768,"height":6.798269840325637,"figure":"circle"}},{"userSettings":{"correct":true,"feedbackText":""},"computedSettings":{"x":64.80002592001037,"y":40.78961904195383,"width":10.800004320001728,"height":8.497837300407047,"figure":"circle"}}],"alreadySelectedFeedback":"You have already found this one!","noneSelectedFeedback":"Difference is not significant enough, try again!"}}}